{
  "title": "EmpirBus Channel Info",
  "description": "Schema definition for EmpirBus Channels, version: 1.0.0",
  "definitions": {
    "Channel": {
      "type": [
        "object",
        "null"
      ],
      "properties": {
        "number": {
          "type": "integer"
        },
        "name": {
          "type": [
            "string",
            "null"
          ]
        },
        "mainSetting": {
          "$ref": "#/definitions/MainSetting"
        },
        "subSetting": {
          "$ref": "#/definitions/SubSetting"
        }
      },
      "required": [
        "number",
        "name",
        "mainSetting",
        "subSetting"
      ]
    },
    "ChannelGroup": {
      "type": [
        "object",
        "null"
      ],
      "properties": {
        "type": {
          "$ref": "#/definitions/ChannelGroupType"
        },
        "channels": {
          "type": [
            "array",
            "null"
          ],
          "items": {
            "$ref": "#/definitions/Channel"
          }
        }
      },
      "required": [
        "type",
        "channels"
      ]
    },
    "ChannelGroupType": {
      "type": [
        "object",
        "null"
      ],
      "properties": {
        "id": {
          "type": "integer"
        },
        "name": {
          "type": [
            "string",
            "null"
          ]
        }
      },
      "required": [
        "id",
        "name"
      ]
    },
    "MainSetting": {
      "type": [
        "object",
        "null"
      ],
      "properties": {
        "id": {
          "type": "integer"
        },
        "name": {
          "type": [
            "string",
            "null"
          ]
        }
      },
      "required": [
        "id",
        "name"
      ]
    },
    "SubSetting": {
      "type": [
        "object",
        "null"
      ],
      "properties": {
        "id": {
          "type": "integer"
        },
        "name": {
          "type": [
            "string",
            "null"
          ]
        }
      },
      "required": [
        "id",
        "name"
      ]
    },
    "Unit": {
      "type": [
        "object",
        "null"
      ],
      "properties": {
        "id": {
          "type": "integer"
        },
        "name": {
          "type": [
            "string",
            "null"
          ]
        },
        "type": {
          "$ref": "#/definitions/UnitType"
        },
        "channelGroups": {
          "type": [
            "array",
            "null"
          ],
          "items": {
            "$ref": "#/definitions/ChannelGroup"
          }
        }
      },
      "required": [
        "id",
        "name",
        "type",
        "channelGroups"
      ]
    },
    "UnitType": {
      "type": [
        "object",
        "null"
      ],
      "properties": {
        "id": {
          "type": "integer"
        },
        "name": {
          "type": [
            "string",
            "null"
          ]
        }
      },
      "required": [
        "id",
        "name"
      ]
    }
  },
  "type": "object",
  "properties": {
    "fileFormatVersion": {
      "type": [
        "string",
        "null"
      ]
    },
    "netlistChecksum": {
      "type": "integer"
    },
    "sourceApplicationVersion": {
      "type": [
        "string",
        "null"
      ]
    },
    "sourceApplicationReference": {
      "type": [
        "string",
        "null"
      ]
    },
    "units": {
      "type": [
        "array",
        "null"
      ],
      "items": {
        "$ref": "#/definitions/Unit"
      }
    }
  },
  "required": [
    "fileFormatVersion",
    "netlistChecksum",
    "sourceApplicationVersion",
    "sourceApplicationReference",
    "units"
  ]
}