{"fileFormatVersion":"1.0.0","netlistChecksum":1637496552,"sourceApplicationVersion":"1.15.10.9210","sourceApplicationReference":"Hackaton Demo1_v5.ebp","units":[{"id":1,"name":"Connect 50","type":{"id":16,"name":"Connect 50"},"channelGroups":[{"type":{"id":0,"name":"I/O Channels"},"channels":[{"number":1,"name":"Green LED","mainSetting":{"id":48,"name":"Digital Output +"},"subSetting":{"id":1,"name":"Normal"}},{"number":2,"name":"Horn","mainSetting":{"id":48,"name":"Digital Output +"},"subSetting":{"id":1,"name":"Normal"}},{"number":3,"name":"Red LED","mainSetting":{"id":48,"name":"Digital Output +"},"subSetting":{"id":1,"name":"Normal"}},{"number":4,"name":"RGB-LED Green ","mainSetting":null,"subSetting":null},{"number":5,"name":"RGB-LED Positive","mainSetting":null,"subSetting":null},{"number":6,"name":"Fuel Level % ","mainSetting":{"id":64,"name":"Analogue Input"},"subSetting":{"id":4,"name":"0-1500 Ohm Resistive Load"}},{"number":7,"name":"Channel 7","mainSetting":null,"subSetting":null},{"number":8,"name":"Channel 8","mainSetting":null,"subSetting":null},{"number":9,"name":"Channel 9","mainSetting":null,"subSetting":null},{"number":10,"name":"Channel 10","mainSetting":null,"subSetting":null},{"number":11,"name":"RGB LED RED","mainSetting":null,"subSetting":null},{"number":12,"name":"RGB LED Blue","mainSetting":null,"subSetting":null},{"number":13,"name":"Channel 13","mainSetting":null,"subSetting":null},{"number":14,"name":"Channel 14","mainSetting":null,"subSetting":null},{"number":15,"name":"Channel 15","mainSetting":null,"subSetting":null},{"number":16,"name":"Channel 16","mainSetting":null,"subSetting":null},{"number":17,"name":"Channel 17","mainSetting":null,"subSetting":null},{"number":18,"name":"Channel 18","mainSetting":null,"subSetting":null},{"number":19,"name":"Channel 19","mainSetting":null,"subSetting":null},{"number":20,"name":"Channel 20","mainSetting":null,"subSetting":null},{"number":21,"name":"Channel 21","mainSetting":null,"subSetting":null},{"number":22,"name":"Channel 22","mainSetting":null,"subSetting":null},{"number":23,"name":"Channel 23","mainSetting":null,"subSetting":null},{"number":24,"name":"Channel 24","mainSetting":null,"subSetting":null},{"number":25,"name":"Channel 25","mainSetting":null,"subSetting":null},{"number":26,"name":"Channel 26","mainSetting":null,"subSetting":null},{"number":27,"name":"Channel 27","mainSetting":null,"subSetting":null},{"number":28,"name":"Channel 28","mainSetting":null,"subSetting":null},{"number":29,"name":"Channel 29","mainSetting":null,"subSetting":null},{"number":30,"name":"Channel 30","mainSetting":null,"subSetting":null},{"number":31,"name":"Channel 31","mainSetting":null,"subSetting":null}]}]},{"id":2,"name":"MFD / WDU","type":{"id":200,"name":"MFD"},"channelGroups":[{"type":{"id":0,"name":"Channels I/O"},"channels":[{"number":1,"name":"Fuel level %","mainSetting":{"id":5,"name":"Signal Value"},"subSetting":{"id":0,"name":"Value"}},{"number":2,"name":"Alarm level increase","mainSetting":{"id":1,"name":"Momentary Switch"},"subSetting":{"id":0,"name":"Normal"}},{"number":3,"name":"Alarmlevel decrease","mainSetting":{"id":1,"name":"Momentary Switch"},"subSetting":{"id":0,"name":"Normal"}},{"number":4,"name":"Tank level command value","mainSetting":{"id":3,"name":"Dimmer Control"},"subSetting":{"id":0,"name":"Pulse Switching"}},{"number":5,"name":"Tanklevel Set value","mainSetting":{"id":5,"name":"Signal Value"},"subSetting":{"id":0,"name":"Value"}},{"number":6,"name":"Alarm Active Indication/reset","mainSetting":{"id":1,"name":"Momentary Switch"},"subSetting":{"id":0,"name":"Normal"}},{"number":7,"name":"Channel 7","mainSetting":null,"subSetting":null},{"number":8,"name":"Channel 8","mainSetting":null,"subSetting":null},{"number":9,"name":"Channel 9","mainSetting":null,"subSetting":null},{"number":10,"name":"Channel 10","mainSetting":null,"subSetting":null},{"number":11,"name":"Channel 11","mainSetting":null,"subSetting":null},{"number":12,"name":"Channel 12","mainSetting":null,"subSetting":null},{"number":13,"name":"Channel 13","mainSetting":null,"subSetting":null},{"number":14,"name":"Channel 14","mainSetting":null,"subSetting":null},{"number":15,"name":"Channel 15","mainSetting":null,"subSetting":null},{"number":16,"name":"Channel 16","mainSetting":null,"subSetting":null},{"number":17,"name":"Channel 17","mainSetting":null,"subSetting":null},{"number":18,"name":"Channel 18","mainSetting":null,"subSetting":null},{"number":19,"name":"Channel 19","mainSetting":null,"subSetting":null},{"number":20,"name":"Channel 20","mainSetting":null,"subSetting":null},{"number":21,"name":"Channel 21","mainSetting":null,"subSetting":null},{"number":22,"name":"Channel 22","mainSetting":null,"subSetting":null},{"number":23,"name":"Channel 23","mainSetting":null,"subSetting":null},{"number":24,"name":"Channel 24","mainSetting":null,"subSetting":null},{"number":25,"name":"Channel 25","mainSetting":null,"subSetting":null},{"number":26,"name":"Channel 26","mainSetting":null,"subSetting":null},{"number":27,"name":"Channel 27","mainSetting":null,"subSetting":null},{"number":28,"name":"Channel 28","mainSetting":null,"subSetting":null},{"number":29,"name":"Channel 29","mainSetting":null,"subSetting":null},{"number":30,"name":"Channel 30","mainSetting":null,"subSetting":null},{"number":31,"name":"Channel 31","mainSetting":null,"subSetting":null},{"number":32,"name":"Channel 32","mainSetting":null,"subSetting":null},{"number":33,"name":"Channel 33","mainSetting":null,"subSetting":null},{"number":34,"name":"Channel 34","mainSetting":null,"subSetting":null},{"number":35,"name":"Channel 35","mainSetting":null,"subSetting":null},{"number":36,"name":"Channel 36","mainSetting":null,"subSetting":null},{"number":37,"name":"Channel 37","mainSetting":null,"subSetting":null},{"number":38,"name":"Channel 38","mainSetting":null,"subSetting":null},{"number":39,"name":"Channel 39","mainSetting":null,"subSetting":null},{"number":40,"name":"Channel 40","mainSetting":null,"subSetting":null},{"number":41,"name":"Channel 41","mainSetting":null,"subSetting":null},{"number":42,"name":"Channel 42","mainSetting":null,"subSetting":null},{"number":43,"name":"Channel 43","mainSetting":null,"subSetting":null},{"number":44,"name":"Channel 44","mainSetting":null,"subSetting":null},{"number":45,"name":"Channel 45","mainSetting":null,"subSetting":null},{"number":46,"name":"Channel 46","mainSetting":null,"subSetting":null},{"number":47,"name":"Channel 47","mainSetting":null,"subSetting":null},{"number":48,"name":"Channel 48","mainSetting":null,"subSetting":null},{"number":49,"name":"Channel 49","mainSetting":null,"subSetting":null},{"number":50,"name":"Channel 50","mainSetting":null,"subSetting":null},{"number":51,"name":"Channel 51","mainSetting":null,"subSetting":null},{"number":52,"name":"Channel 52","mainSetting":null,"subSetting":null},{"number":53,"name":"Channel 53","mainSetting":null,"subSetting":null},{"number":54,"name":"Channel 54","mainSetting":null,"subSetting":null},{"number":55,"name":"Channel 55","mainSetting":null,"subSetting":null},{"number":56,"name":"Channel 56","mainSetting":null,"subSetting":null},{"number":57,"name":"Channel 57","mainSetting":null,"subSetting":null},{"number":58,"name":"Channel 58","mainSetting":null,"subSetting":null},{"number":59,"name":"Channel 59","mainSetting":null,"subSetting":null},{"number":60,"name":"Channel 60","mainSetting":null,"subSetting":null},{"number":61,"name":"Channel 61","mainSetting":null,"subSetting":null},{"number":62,"name":"Channel 62","mainSetting":null,"subSetting":null},{"number":63,"name":"Channel 63","mainSetting":null,"subSetting":null},{"number":64,"name":"Channel 64","mainSetting":null,"subSetting":null},{"number":65,"name":"Channel 65","mainSetting":null,"subSetting":null},{"number":66,"name":"Channel 66","mainSetting":null,"subSetting":null},{"number":67,"name":"Channel 67","mainSetting":null,"subSetting":null},{"number":68,"name":"Channel 68","mainSetting":null,"subSetting":null},{"number":69,"name":"Channel 69","mainSetting":null,"subSetting":null},{"number":70,"name":"Channel 70","mainSetting":null,"subSetting":null},{"number":71,"name":"Channel 71","mainSetting":null,"subSetting":null},{"number":72,"name":"Channel 72","mainSetting":null,"subSetting":null},{"number":73,"name":"Channel 73","mainSetting":null,"subSetting":null},{"number":74,"name":"Channel 74","mainSetting":null,"subSetting":null},{"number":75,"name":"Channel 75","mainSetting":null,"subSetting":null},{"number":76,"name":"Channel 76","mainSetting":null,"subSetting":null},{"number":77,"name":"Channel 77","mainSetting":null,"subSetting":null},{"number":78,"name":"Channel 78","mainSetting":null,"subSetting":null},{"number":79,"name":"Channel 79","mainSetting":null,"subSetting":null},{"number":80,"name":"Channel 80","mainSetting":null,"subSetting":null},{"number":81,"name":"Channel 81","mainSetting":null,"subSetting":null},{"number":82,"name":"Channel 82","mainSetting":null,"subSetting":null},{"number":83,"name":"Channel 83","mainSetting":null,"subSetting":null},{"number":84,"name":"Channel 84","mainSetting":null,"subSetting":null},{"number":85,"name":"Channel 85","mainSetting":null,"subSetting":null},{"number":86,"name":"Channel 86","mainSetting":null,"subSetting":null},{"number":87,"name":"Channel 87","mainSetting":null,"subSetting":null},{"number":88,"name":"Channel 88","mainSetting":null,"subSetting":null},{"number":89,"name":"Channel 89","mainSetting":null,"subSetting":null},{"number":90,"name":"Channel 90","mainSetting":null,"subSetting":null},{"number":91,"name":"Channel 91","mainSetting":null,"subSetting":null},{"number":92,"name":"Channel 92","mainSetting":null,"subSetting":null},{"number":93,"name":"Channel 93","mainSetting":null,"subSetting":null},{"number":94,"name":"Channel 94","mainSetting":null,"subSetting":null},{"number":95,"name":"Channel 95","mainSetting":null,"subSetting":null},{"number":96,"name":"Channel 96","mainSetting":null,"subSetting":null},{"number":97,"name":"Channel 97","mainSetting":null,"subSetting":null},{"number":98,"name":"Channel 98","mainSetting":null,"subSetting":null},{"number":99,"name":"Channel 99","mainSetting":null,"subSetting":null},{"number":100,"name":"Channel 100","mainSetting":null,"subSetting":null},{"number":101,"name":"Channel 101","mainSetting":null,"subSetting":null},{"number":102,"name":"Channel 102","mainSetting":null,"subSetting":null},{"number":103,"name":"Channel 103","mainSetting":null,"subSetting":null},{"number":104,"name":"Channel 104","mainSetting":null,"subSetting":null},{"number":105,"name":"Channel 105","mainSetting":null,"subSetting":null},{"number":106,"name":"Channel 106","mainSetting":null,"subSetting":null},{"number":107,"name":"Channel 107","mainSetting":null,"subSetting":null},{"number":108,"name":"Channel 108","mainSetting":null,"subSetting":null},{"number":109,"name":"Channel 109","mainSetting":null,"subSetting":null},{"number":110,"name":"Channel 110","mainSetting":null,"subSetting":null},{"number":111,"name":"Channel 111","mainSetting":null,"subSetting":null},{"number":112,"name":"Channel 112","mainSetting":null,"subSetting":null},{"number":113,"name":"Channel 113","mainSetting":null,"subSetting":null},{"number":114,"name":"Channel 114","mainSetting":null,"subSetting":null},{"number":115,"name":"Channel 115","mainSetting":null,"subSetting":null},{"number":116,"name":"Channel 116","mainSetting":null,"subSetting":null},{"number":117,"name":"Channel 117","mainSetting":null,"subSetting":null},{"number":118,"name":"Channel 118","mainSetting":null,"subSetting":null},{"number":119,"name":"Channel 119","mainSetting":null,"subSetting":null},{"number":120,"name":"Channel 120","mainSetting":null,"subSetting":null},{"number":121,"name":"Channel 121","mainSetting":null,"subSetting":null},{"number":122,"name":"Channel 122","mainSetting":null,"subSetting":null},{"number":123,"name":"Channel 123","mainSetting":null,"subSetting":null},{"number":124,"name":"Channel 124","mainSetting":null,"subSetting":null},{"number":125,"name":"Channel 125","mainSetting":null,"subSetting":null},{"number":126,"name":"Channel 126","mainSetting":null,"subSetting":null},{"number":127,"name":"Channel 127","mainSetting":null,"subSetting":null},{"number":128,"name":"Channel 128","mainSetting":null,"subSetting":null},{"number":129,"name":"Channel 129","mainSetting":null,"subSetting":null},{"number":130,"name":"Channel 130","mainSetting":null,"subSetting":null},{"number":131,"name":"Channel 131","mainSetting":null,"subSetting":null},{"number":132,"name":"Channel 132","mainSetting":null,"subSetting":null},{"number":133,"name":"Channel 133","mainSetting":null,"subSetting":null},{"number":134,"name":"Channel 134","mainSetting":null,"subSetting":null},{"number":135,"name":"Channel 135","mainSetting":null,"subSetting":null},{"number":136,"name":"Channel 136","mainSetting":null,"subSetting":null},{"number":137,"name":"Channel 137","mainSetting":null,"subSetting":null},{"number":138,"name":"Channel 138","mainSetting":null,"subSetting":null},{"number":139,"name":"Channel 139","mainSetting":null,"subSetting":null},{"number":140,"name":"Channel 140","mainSetting":null,"subSetting":null},{"number":141,"name":"Channel 141","mainSetting":null,"subSetting":null},{"number":142,"name":"Channel 142","mainSetting":null,"subSetting":null},{"number":143,"name":"Channel 143","mainSetting":null,"subSetting":null},{"number":144,"name":"Channel 144","mainSetting":null,"subSetting":null},{"number":145,"name":"Channel 145","mainSetting":null,"subSetting":null},{"number":146,"name":"Channel 146","mainSetting":null,"subSetting":null},{"number":147,"name":"Channel 147","mainSetting":null,"subSetting":null},{"number":148,"name":"Channel 148","mainSetting":null,"subSetting":null},{"number":149,"name":"Channel 149","mainSetting":null,"subSetting":null},{"number":150,"name":"Channel 150","mainSetting":null,"subSetting":null},{"number":151,"name":"Channel 151","mainSetting":null,"subSetting":null},{"number":152,"name":"Channel 152","mainSetting":null,"subSetting":null},{"number":153,"name":"Channel 153","mainSetting":null,"subSetting":null},{"number":154,"name":"Channel 154","mainSetting":null,"subSetting":null},{"number":155,"name":"Channel 155","mainSetting":null,"subSetting":null},{"number":156,"name":"Channel 156","mainSetting":null,"subSetting":null},{"number":157,"name":"Channel 157","mainSetting":null,"subSetting":null},{"number":158,"name":"Channel 158","mainSetting":null,"subSetting":null},{"number":159,"name":"Channel 159","mainSetting":null,"subSetting":null},{"number":160,"name":"Channel 160","mainSetting":null,"subSetting":null},{"number":161,"name":"Channel 161","mainSetting":null,"subSetting":null},{"number":162,"name":"Channel 162","mainSetting":null,"subSetting":null},{"number":163,"name":"Channel 163","mainSetting":null,"subSetting":null},{"number":164,"name":"Channel 164","mainSetting":null,"subSetting":null},{"number":165,"name":"Channel 165","mainSetting":null,"subSetting":null},{"number":166,"name":"Channel 166","mainSetting":null,"subSetting":null},{"number":167,"name":"Channel 167","mainSetting":null,"subSetting":null},{"number":168,"name":"Channel 168","mainSetting":null,"subSetting":null},{"number":169,"name":"Channel 169","mainSetting":null,"subSetting":null},{"number":170,"name":"Channel 170","mainSetting":null,"subSetting":null},{"number":171,"name":"Channel 171","mainSetting":null,"subSetting":null},{"number":172,"name":"Channel 172","mainSetting":null,"subSetting":null},{"number":173,"name":"Channel 173","mainSetting":null,"subSetting":null},{"number":174,"name":"Channel 174","mainSetting":null,"subSetting":null},{"number":175,"name":"Channel 175","mainSetting":null,"subSetting":null},{"number":176,"name":"Channel 176","mainSetting":null,"subSetting":null},{"number":177,"name":"Channel 177","mainSetting":null,"subSetting":null},{"number":178,"name":"Channel 178","mainSetting":null,"subSetting":null},{"number":179,"name":"Channel 179","mainSetting":null,"subSetting":null},{"number":180,"name":"Channel 180","mainSetting":null,"subSetting":null},{"number":181,"name":"Channel 181","mainSetting":null,"subSetting":null},{"number":182,"name":"Channel 182","mainSetting":null,"subSetting":null},{"number":183,"name":"Channel 183","mainSetting":null,"subSetting":null},{"number":184,"name":"Channel 184","mainSetting":null,"subSetting":null},{"number":185,"name":"Channel 185","mainSetting":null,"subSetting":null},{"number":186,"name":"Channel 186","mainSetting":null,"subSetting":null},{"number":187,"name":"Channel 187","mainSetting":null,"subSetting":null},{"number":188,"name":"Channel 188","mainSetting":null,"subSetting":null},{"number":189,"name":"Channel 189","mainSetting":null,"subSetting":null},{"number":190,"name":"Channel 190","mainSetting":null,"subSetting":null},{"number":191,"name":"Channel 191","mainSetting":null,"subSetting":null},{"number":192,"name":"Channel 192","mainSetting":null,"subSetting":null},{"number":193,"name":"Channel 193","mainSetting":null,"subSetting":null},{"number":194,"name":"Channel 194","mainSetting":null,"subSetting":null},{"number":195,"name":"Channel 195","mainSetting":null,"subSetting":null},{"number":196,"name":"Channel 196","mainSetting":null,"subSetting":null},{"number":197,"name":"Channel 197","mainSetting":null,"subSetting":null},{"number":198,"name":"Channel 198","mainSetting":null,"subSetting":null},{"number":199,"name":"Channel 199","mainSetting":null,"subSetting":null},{"number":200,"name":"Channel 200","mainSetting":null,"subSetting":null},{"number":201,"name":"Channel 201","mainSetting":null,"subSetting":null},{"number":202,"name":"Channel 202","mainSetting":null,"subSetting":null},{"number":203,"name":"Channel 203","mainSetting":null,"subSetting":null},{"number":204,"name":"Channel 204","mainSetting":null,"subSetting":null},{"number":205,"name":"Channel 205","mainSetting":null,"subSetting":null},{"number":206,"name":"Channel 206","mainSetting":null,"subSetting":null},{"number":207,"name":"Channel 207","mainSetting":null,"subSetting":null},{"number":208,"name":"Channel 208","mainSetting":null,"subSetting":null},{"number":209,"name":"Channel 209","mainSetting":null,"subSetting":null},{"number":210,"name":"Channel 210","mainSetting":null,"subSetting":null},{"number":211,"name":"Channel 211","mainSetting":null,"subSetting":null},{"number":212,"name":"Channel 212","mainSetting":null,"subSetting":null},{"number":213,"name":"Channel 213","mainSetting":null,"subSetting":null},{"number":214,"name":"Channel 214","mainSetting":null,"subSetting":null},{"number":215,"name":"Channel 215","mainSetting":null,"subSetting":null},{"number":216,"name":"Channel 216","mainSetting":null,"subSetting":null},{"number":217,"name":"Channel 217","mainSetting":null,"subSetting":null},{"number":218,"name":"Channel 218","mainSetting":null,"subSetting":null},{"number":219,"name":"Channel 219","mainSetting":null,"subSetting":null},{"number":220,"name":"Channel 220","mainSetting":null,"subSetting":null},{"number":221,"name":"Channel 221","mainSetting":null,"subSetting":null},{"number":222,"name":"Channel 222","mainSetting":null,"subSetting":null},{"number":223,"name":"Channel 223","mainSetting":null,"subSetting":null},{"number":224,"name":"Channel 224","mainSetting":null,"subSetting":null},{"number":225,"name":"Channel 225","mainSetting":null,"subSetting":null},{"number":226,"name":"Channel 226","mainSetting":null,"subSetting":null},{"number":227,"name":"Channel 227","mainSetting":null,"subSetting":null},{"number":228,"name":"Channel 228","mainSetting":null,"subSetting":null},{"number":229,"name":"Channel 229","mainSetting":null,"subSetting":null},{"number":230,"name":"Channel 230","mainSetting":null,"subSetting":null},{"number":231,"name":"Channel 231","mainSetting":null,"subSetting":null},{"number":232,"name":"Channel 232","mainSetting":null,"subSetting":null},{"number":233,"name":"Channel 233","mainSetting":null,"subSetting":null},{"number":234,"name":"Channel 234","mainSetting":null,"subSetting":null},{"number":235,"name":"Channel 235","mainSetting":null,"subSetting":null},{"number":236,"name":"Channel 236","mainSetting":null,"subSetting":null},{"number":237,"name":"Channel 237","mainSetting":null,"subSetting":null},{"number":238,"name":"Channel 238","mainSetting":null,"subSetting":null},{"number":239,"name":"Channel 239","mainSetting":null,"subSetting":null},{"number":240,"name":"Channel 240","mainSetting":null,"subSetting":null},{"number":241,"name":"Channel 241","mainSetting":null,"subSetting":null},{"number":242,"name":"Channel 242","mainSetting":null,"subSetting":null},{"number":243,"name":"Channel 243","mainSetting":null,"subSetting":null},{"number":244,"name":"Channel 244","mainSetting":null,"subSetting":null},{"number":245,"name":"Channel 245","mainSetting":null,"subSetting":null},{"number":246,"name":"Channel 246","mainSetting":null,"subSetting":null},{"number":247,"name":"Channel 247","mainSetting":null,"subSetting":null},{"number":248,"name":"Channel 248","mainSetting":null,"subSetting":null},{"number":249,"name":"Channel 249","mainSetting":null,"subSetting":null},{"number":250,"name":"Channel 250","mainSetting":null,"subSetting":null},{"number":251,"name":"Channel 251","mainSetting":null,"subSetting":null},{"number":252,"name":"Channel 252","mainSetting":null,"subSetting":null},{"number":253,"name":"Channel 253","mainSetting":null,"subSetting":null},{"number":254,"name":"Channel 254","mainSetting":null,"subSetting":null},{"number":255,"name":"Channel 255","mainSetting":null,"subSetting":null},{"number":256,"name":"Channel 256","mainSetting":null,"subSetting":null},{"number":257,"name":"Channel 257","mainSetting":null,"subSetting":null},{"number":258,"name":"Channel 258","mainSetting":null,"subSetting":null},{"number":259,"name":"Channel 259","mainSetting":null,"subSetting":null},{"number":260,"name":"Channel 260","mainSetting":null,"subSetting":null},{"number":261,"name":"Channel 261","mainSetting":null,"subSetting":null},{"number":262,"name":"Channel 262","mainSetting":null,"subSetting":null},{"number":263,"name":"Channel 263","mainSetting":null,"subSetting":null},{"number":264,"name":"Channel 264","mainSetting":null,"subSetting":null},{"number":265,"name":"Channel 265","mainSetting":null,"subSetting":null},{"number":266,"name":"Channel 266","mainSetting":null,"subSetting":null},{"number":267,"name":"Channel 267","mainSetting":null,"subSetting":null},{"number":268,"name":"Channel 268","mainSetting":null,"subSetting":null},{"number":269,"name":"Channel 269","mainSetting":null,"subSetting":null},{"number":270,"name":"Channel 270","mainSetting":null,"subSetting":null},{"number":271,"name":"Channel 271","mainSetting":null,"subSetting":null},{"number":272,"name":"Channel 272","mainSetting":null,"subSetting":null},{"number":273,"name":"Channel 273","mainSetting":null,"subSetting":null},{"number":274,"name":"Channel 274","mainSetting":null,"subSetting":null},{"number":275,"name":"Channel 275","mainSetting":null,"subSetting":null},{"number":276,"name":"Channel 276","mainSetting":null,"subSetting":null},{"number":277,"name":"Channel 277","mainSetting":null,"subSetting":null},{"number":278,"name":"Channel 278","mainSetting":null,"subSetting":null},{"number":279,"name":"Channel 279","mainSetting":null,"subSetting":null},{"number":280,"name":"Channel 280","mainSetting":null,"subSetting":null},{"number":281,"name":"Channel 281","mainSetting":null,"subSetting":null},{"number":282,"name":"Channel 282","mainSetting":null,"subSetting":null},{"number":283,"name":"Channel 283","mainSetting":null,"subSetting":null},{"number":284,"name":"Channel 284","mainSetting":null,"subSetting":null},{"number":285,"name":"Channel 285","mainSetting":null,"subSetting":null},{"number":286,"name":"Channel 286","mainSetting":null,"subSetting":null},{"number":287,"name":"Channel 287","mainSetting":null,"subSetting":null},{"number":288,"name":"Channel 288","mainSetting":null,"subSetting":null},{"number":289,"name":"Channel 289","mainSetting":null,"subSetting":null},{"number":290,"name":"Channel 290","mainSetting":null,"subSetting":null},{"number":291,"name":"Channel 291","mainSetting":null,"subSetting":null},{"number":292,"name":"Channel 292","mainSetting":null,"subSetting":null},{"number":293,"name":"Channel 293","mainSetting":null,"subSetting":null},{"number":294,"name":"Channel 294","mainSetting":null,"subSetting":null},{"number":295,"name":"Channel 295","mainSetting":null,"subSetting":null},{"number":296,"name":"Channel 296","mainSetting":null,"subSetting":null},{"number":297,"name":"Channel 297","mainSetting":null,"subSetting":null},{"number":298,"name":"Channel 298","mainSetting":null,"subSetting":null},{"number":299,"name":"Channel 299","mainSetting":null,"subSetting":null},{"number":300,"name":"Channel 300","mainSetting":null,"subSetting":null},{"number":301,"name":"Channel 301","mainSetting":null,"subSetting":null},{"number":302,"name":"Channel 302","mainSetting":null,"subSetting":null},{"number":303,"name":"Channel 303","mainSetting":null,"subSetting":null},{"number":304,"name":"Channel 304","mainSetting":null,"subSetting":null},{"number":305,"name":"Channel 305","mainSetting":null,"subSetting":null},{"number":306,"name":"Channel 306","mainSetting":null,"subSetting":null},{"number":307,"name":"Channel 307","mainSetting":null,"subSetting":null},{"number":308,"name":"Channel 308","mainSetting":null,"subSetting":null},{"number":309,"name":"Channel 309","mainSetting":null,"subSetting":null},{"number":310,"name":"Channel 310","mainSetting":null,"subSetting":null},{"number":311,"name":"Channel 311","mainSetting":null,"subSetting":null},{"number":312,"name":"Channel 312","mainSetting":null,"subSetting":null},{"number":313,"name":"Channel 313","mainSetting":null,"subSetting":null},{"number":314,"name":"Channel 314","mainSetting":null,"subSetting":null},{"number":315,"name":"Channel 315","mainSetting":null,"subSetting":null},{"number":316,"name":"Channel 316","mainSetting":null,"subSetting":null},{"number":317,"name":"Channel 317","mainSetting":null,"subSetting":null},{"number":318,"name":"Channel 318","mainSetting":null,"subSetting":null},{"number":319,"name":"Channel 319","mainSetting":null,"subSetting":null},{"number":320,"name":"Channel 320","mainSetting":null,"subSetting":null},{"number":321,"name":"Channel 321","mainSetting":null,"subSetting":null},{"number":322,"name":"Channel 322","mainSetting":null,"subSetting":null},{"number":323,"name":"Channel 323","mainSetting":null,"subSetting":null},{"number":324,"name":"Channel 324","mainSetting":null,"subSetting":null},{"number":325,"name":"Channel 325","mainSetting":null,"subSetting":null},{"number":326,"name":"Channel 326","mainSetting":null,"subSetting":null},{"number":327,"name":"Channel 327","mainSetting":null,"subSetting":null},{"number":328,"name":"Channel 328","mainSetting":null,"subSetting":null},{"number":329,"name":"Channel 329","mainSetting":null,"subSetting":null},{"number":330,"name":"Channel 330","mainSetting":null,"subSetting":null},{"number":331,"name":"Channel 331","mainSetting":null,"subSetting":null},{"number":332,"name":"Channel 332","mainSetting":null,"subSetting":null},{"number":333,"name":"Channel 333","mainSetting":null,"subSetting":null},{"number":334,"name":"Channel 334","mainSetting":null,"subSetting":null},{"number":335,"name":"Channel 335","mainSetting":null,"subSetting":null},{"number":336,"name":"Channel 336","mainSetting":null,"subSetting":null},{"number":337,"name":"Channel 337","mainSetting":null,"subSetting":null},{"number":338,"name":"Channel 338","mainSetting":null,"subSetting":null},{"number":339,"name":"Channel 339","mainSetting":null,"subSetting":null},{"number":340,"name":"Channel 340","mainSetting":null,"subSetting":null},{"number":341,"name":"Channel 341","mainSetting":null,"subSetting":null},{"number":342,"name":"Channel 342","mainSetting":null,"subSetting":null},{"number":343,"name":"Channel 343","mainSetting":null,"subSetting":null},{"number":344,"name":"Channel 344","mainSetting":null,"subSetting":null},{"number":345,"name":"Channel 345","mainSetting":null,"subSetting":null},{"number":346,"name":"Channel 346","mainSetting":null,"subSetting":null},{"number":347,"name":"Channel 347","mainSetting":null,"subSetting":null},{"number":348,"name":"Channel 348","mainSetting":null,"subSetting":null},{"number":349,"name":"Channel 349","mainSetting":null,"subSetting":null},{"number":350,"name":"Channel 350","mainSetting":null,"subSetting":null},{"number":351,"name":"Channel 351","mainSetting":null,"subSetting":null},{"number":352,"name":"Channel 352","mainSetting":null,"subSetting":null},{"number":353,"name":"Channel 353","mainSetting":null,"subSetting":null},{"number":354,"name":"Channel 354","mainSetting":null,"subSetting":null},{"number":355,"name":"Channel 355","mainSetting":null,"subSetting":null},{"number":356,"name":"Channel 356","mainSetting":null,"subSetting":null},{"number":357,"name":"Channel 357","mainSetting":null,"subSetting":null},{"number":358,"name":"Channel 358","mainSetting":null,"subSetting":null},{"number":359,"name":"Channel 359","mainSetting":null,"subSetting":null},{"number":360,"name":"Channel 360","mainSetting":null,"subSetting":null},{"number":361,"name":"Channel 361","mainSetting":null,"subSetting":null},{"number":362,"name":"Channel 362","mainSetting":null,"subSetting":null},{"number":363,"name":"Channel 363","mainSetting":null,"subSetting":null},{"number":364,"name":"Channel 364","mainSetting":null,"subSetting":null},{"number":365,"name":"Channel 365","mainSetting":null,"subSetting":null},{"number":366,"name":"Channel 366","mainSetting":null,"subSetting":null},{"number":367,"name":"Channel 367","mainSetting":null,"subSetting":null},{"number":368,"name":"Channel 368","mainSetting":null,"subSetting":null},{"number":369,"name":"Channel 369","mainSetting":null,"subSetting":null},{"number":370,"name":"Channel 370","mainSetting":null,"subSetting":null},{"number":371,"name":"Channel 371","mainSetting":null,"subSetting":null},{"number":372,"name":"Channel 372","mainSetting":null,"subSetting":null},{"number":373,"name":"Channel 373","mainSetting":null,"subSetting":null},{"number":374,"name":"Channel 374","mainSetting":null,"subSetting":null},{"number":375,"name":"Channel 375","mainSetting":null,"subSetting":null},{"number":376,"name":"Channel 376","mainSetting":null,"subSetting":null},{"number":377,"name":"Channel 377","mainSetting":null,"subSetting":null},{"number":378,"name":"Channel 378","mainSetting":null,"subSetting":null},{"number":379,"name":"Channel 379","mainSetting":null,"subSetting":null},{"number":380,"name":"Channel 380","mainSetting":null,"subSetting":null},{"number":381,"name":"Channel 381","mainSetting":null,"subSetting":null},{"number":382,"name":"Channel 382","mainSetting":null,"subSetting":null},{"number":383,"name":"Channel 383","mainSetting":null,"subSetting":null},{"number":384,"name":"Channel 384","mainSetting":null,"subSetting":null},{"number":385,"name":"Channel 385","mainSetting":null,"subSetting":null},{"number":386,"name":"Channel 386","mainSetting":null,"subSetting":null},{"number":387,"name":"Channel 387","mainSetting":null,"subSetting":null},{"number":388,"name":"Channel 388","mainSetting":null,"subSetting":null},{"number":389,"name":"Channel 389","mainSetting":null,"subSetting":null},{"number":390,"name":"Channel 390","mainSetting":null,"subSetting":null},{"number":391,"name":"Channel 391","mainSetting":null,"subSetting":null},{"number":392,"name":"Channel 392","mainSetting":null,"subSetting":null},{"number":393,"name":"Channel 393","mainSetting":null,"subSetting":null},{"number":394,"name":"Channel 394","mainSetting":null,"subSetting":null},{"number":395,"name":"Channel 395","mainSetting":null,"subSetting":null},{"number":396,"name":"Channel 396","mainSetting":null,"subSetting":null},{"number":397,"name":"Channel 397","mainSetting":null,"subSetting":null},{"number":398,"name":"Channel 398","mainSetting":null,"subSetting":null},{"number":399,"name":"Channel 399","mainSetting":null,"subSetting":null},{"number":400,"name":"Channel 400","mainSetting":null,"subSetting":null},{"number":401,"name":"Channel 401","mainSetting":null,"subSetting":null},{"number":402,"name":"Channel 402","mainSetting":null,"subSetting":null},{"number":403,"name":"Channel 403","mainSetting":null,"subSetting":null},{"number":404,"name":"Channel 404","mainSetting":null,"subSetting":null},{"number":405,"name":"Channel 405","mainSetting":null,"subSetting":null},{"number":406,"name":"Channel 406","mainSetting":null,"subSetting":null},{"number":407,"name":"Channel 407","mainSetting":null,"subSetting":null},{"number":408,"name":"Channel 408","mainSetting":null,"subSetting":null},{"number":409,"name":"Channel 409","mainSetting":null,"subSetting":null},{"number":410,"name":"Channel 410","mainSetting":null,"subSetting":null},{"number":411,"name":"Channel 411","mainSetting":null,"subSetting":null},{"number":412,"name":"Channel 412","mainSetting":null,"subSetting":null},{"number":413,"name":"Channel 413","mainSetting":null,"subSetting":null},{"number":414,"name":"Channel 414","mainSetting":null,"subSetting":null},{"number":415,"name":"Channel 415","mainSetting":null,"subSetting":null},{"number":416,"name":"Channel 416","mainSetting":null,"subSetting":null},{"number":417,"name":"Channel 417","mainSetting":null,"subSetting":null},{"number":418,"name":"Channel 418","mainSetting":null,"subSetting":null},{"number":419,"name":"Channel 419","mainSetting":null,"subSetting":null},{"number":420,"name":"Channel 420","mainSetting":null,"subSetting":null},{"number":421,"name":"Channel 421","mainSetting":null,"subSetting":null},{"number":422,"name":"Channel 422","mainSetting":null,"subSetting":null},{"number":423,"name":"Channel 423","mainSetting":null,"subSetting":null},{"number":424,"name":"Channel 424","mainSetting":null,"subSetting":null},{"number":425,"name":"Channel 425","mainSetting":null,"subSetting":null},{"number":426,"name":"Channel 426","mainSetting":null,"subSetting":null},{"number":427,"name":"Channel 427","mainSetting":null,"subSetting":null},{"number":428,"name":"Channel 428","mainSetting":null,"subSetting":null},{"number":429,"name":"Channel 429","mainSetting":null,"subSetting":null},{"number":430,"name":"Channel 430","mainSetting":null,"subSetting":null},{"number":431,"name":"Channel 431","mainSetting":null,"subSetting":null},{"number":432,"name":"Channel 432","mainSetting":null,"subSetting":null},{"number":433,"name":"Channel 433","mainSetting":null,"subSetting":null},{"number":434,"name":"Channel 434","mainSetting":null,"subSetting":null},{"number":435,"name":"Channel 435","mainSetting":null,"subSetting":null},{"number":436,"name":"Channel 436","mainSetting":null,"subSetting":null},{"number":437,"name":"Channel 437","mainSetting":null,"subSetting":null},{"number":438,"name":"Channel 438","mainSetting":null,"subSetting":null},{"number":439,"name":"Channel 439","mainSetting":null,"subSetting":null},{"number":440,"name":"Channel 440","mainSetting":null,"subSetting":null},{"number":441,"name":"Channel 441","mainSetting":null,"subSetting":null},{"number":442,"name":"Channel 442","mainSetting":null,"subSetting":null},{"number":443,"name":"Channel 443","mainSetting":null,"subSetting":null},{"number":444,"name":"Channel 444","mainSetting":null,"subSetting":null},{"number":445,"name":"Channel 445","mainSetting":null,"subSetting":null},{"number":446,"name":"Channel 446","mainSetting":null,"subSetting":null},{"number":447,"name":"Channel 447","mainSetting":null,"subSetting":null},{"number":448,"name":"Channel 448","mainSetting":null,"subSetting":null},{"number":449,"name":"Channel 449","mainSetting":null,"subSetting":null},{"number":450,"name":"Channel 450","mainSetting":null,"subSetting":null},{"number":451,"name":"Channel 451","mainSetting":null,"subSetting":null},{"number":452,"name":"Channel 452","mainSetting":null,"subSetting":null},{"number":453,"name":"Channel 453","mainSetting":null,"subSetting":null},{"number":454,"name":"Channel 454","mainSetting":null,"subSetting":null},{"number":455,"name":"Channel 455","mainSetting":null,"subSetting":null},{"number":456,"name":"Channel 456","mainSetting":null,"subSetting":null},{"number":457,"name":"Channel 457","mainSetting":null,"subSetting":null},{"number":458,"name":"Channel 458","mainSetting":null,"subSetting":null},{"number":459,"name":"Channel 459","mainSetting":null,"subSetting":null},{"number":460,"name":"Channel 460","mainSetting":null,"subSetting":null},{"number":461,"name":"Channel 461","mainSetting":null,"subSetting":null},{"number":462,"name":"Channel 462","mainSetting":null,"subSetting":null},{"number":463,"name":"Channel 463","mainSetting":null,"subSetting":null},{"number":464,"name":"Channel 464","mainSetting":null,"subSetting":null},{"number":465,"name":"Channel 465","mainSetting":null,"subSetting":null},{"number":466,"name":"Channel 466","mainSetting":null,"subSetting":null},{"number":467,"name":"Channel 467","mainSetting":null,"subSetting":null},{"number":468,"name":"Channel 468","mainSetting":null,"subSetting":null},{"number":469,"name":"Channel 469","mainSetting":null,"subSetting":null},{"number":470,"name":"Channel 470","mainSetting":null,"subSetting":null},{"number":471,"name":"Channel 471","mainSetting":null,"subSetting":null},{"number":472,"name":"Channel 472","mainSetting":null,"subSetting":null},{"number":473,"name":"Channel 473","mainSetting":null,"subSetting":null},{"number":474,"name":"Channel 474","mainSetting":null,"subSetting":null},{"number":475,"name":"Channel 475","mainSetting":null,"subSetting":null},{"number":476,"name":"Channel 476","mainSetting":null,"subSetting":null},{"number":477,"name":"Channel 477","mainSetting":null,"subSetting":null},{"number":478,"name":"Channel 478","mainSetting":null,"subSetting":null},{"number":479,"name":"Channel 479","mainSetting":null,"subSetting":null},{"number":480,"name":"Channel 480","mainSetting":null,"subSetting":null},{"number":481,"name":"Channel 481","mainSetting":null,"subSetting":null},{"number":482,"name":"Channel 482","mainSetting":null,"subSetting":null},{"number":483,"name":"Channel 483","mainSetting":null,"subSetting":null},{"number":484,"name":"Channel 484","mainSetting":null,"subSetting":null},{"number":485,"name":"Channel 485","mainSetting":null,"subSetting":null},{"number":486,"name":"Channel 486","mainSetting":null,"subSetting":null},{"number":487,"name":"Channel 487","mainSetting":null,"subSetting":null},{"number":488,"name":"Channel 488","mainSetting":null,"subSetting":null},{"number":489,"name":"Channel 489","mainSetting":null,"subSetting":null},{"number":490,"name":"Channel 490","mainSetting":null,"subSetting":null},{"number":491,"name":"Channel 491","mainSetting":null,"subSetting":null},{"number":492,"name":"Channel 492","mainSetting":null,"subSetting":null},{"number":493,"name":"Channel 493","mainSetting":null,"subSetting":null},{"number":494,"name":"Channel 494","mainSetting":null,"subSetting":null},{"number":495,"name":"Channel 495","mainSetting":null,"subSetting":null},{"number":496,"name":"Channel 496","mainSetting":null,"subSetting":null},{"number":497,"name":"Channel 497","mainSetting":null,"subSetting":null},{"number":498,"name":"Channel 498","mainSetting":null,"subSetting":null},{"number":499,"name":"Channel 499","mainSetting":null,"subSetting":null},{"number":500,"name":"Channel 500","mainSetting":null,"subSetting":null}]}]},{"id":5,"name":"Switch Panel","type":{"id":4,"name":"SP-12"},"channelGroups":[{"type":{"id":0,"name":"Buttons"},"channels":[{"number":1,"name":"Channel 1","mainSetting":null,"subSetting":null},{"number":2,"name":"Channel 2","mainSetting":null,"subSetting":null},{"number":3,"name":"Channel 3","mainSetting":null,"subSetting":null},{"number":4,"name":"Channel 4","mainSetting":null,"subSetting":null},{"number":5,"name":"Channel 5","mainSetting":null,"subSetting":null},{"number":6,"name":"Channel 6","mainSetting":null,"subSetting":null},{"number":7,"name":"Channel 7","mainSetting":null,"subSetting":null},{"number":8,"name":"Channel 8","mainSetting":null,"subSetting":null},{"number":9,"name":"Channel 9","mainSetting":null,"subSetting":null},{"number":10,"name":"Channel 10","mainSetting":null,"subSetting":null},{"number":11,"name":"Channel 11","mainSetting":null,"subSetting":null},{"number":12,"name":"Channel 12","mainSetting":null,"subSetting":null}]}]}]}